url,label
http://example.com,0
https://github.com,0
https://google.com,0
http://secure-login-bank.com,1
http://verify-account-now.net,1
http://update-paypal-info.biz,1
https://www.wikipedia.org,0
https://www.amazon.com,0
https://www.microsoft.com,0
https://www.apple.com,0
https://www.linkedin.com,0
https://www.stackoverflow.com,0
https://www.netflix.com,0
https://www.bbc.com,0
https://www.nytimes.com,0
https://www.reddit.com,0
https://www.medium.com,0
https://www.quora.com,0
https://www.coursera.org,0
https://www.udemy.com,0
https://www.khanacademy.org,0
https://www.ibm.com,0
https://www.oracle.com,0
http://paypal-secure-login.com,1
http://paypal-verification.net,1
http://update-paypal-security.info,1
http://signin-paypal-alert.com,1
http://bankofamerica-secure-login.com,1
http://verify-bank-account-now.net,1
http://secure-chase-login.com,1
http://chase-update-info.biz,1
http://login-wellsfargo-secure.com,1
http://confirm-wellsfargo-account.net,1
http://appleid-verification.com,1
http://apple-support-login.net,1
http://icloud-security-check.com,1
http://amazon-secure-payment.com,1
http://amazon-account-verify.net,1
http://amazon-refund-alert.biz,1
http://netflix-billing-update.com,1
http://netflix-login-warning.net,1
http://spotify-account-suspended.com,1
http://spotify-verify-now.net,1
http://google-security-alert.com,1
http://gmail-login-verify.net,1
http://google-drive-warning.biz,1
http://facebook-security-check.com,1
http://facebook-login-alert.net,1
http://meta-account-verify.com,1
http://instagram-verify-profile.net,1
http://linkedin-login-warning.biz,1
http://twitter-account-locked.com,1
http://x-verify-account.net,1
http://microsoft-login-secure.com,1
http://office365-verify-user.net,1
http://outlook-security-alert.biz,1
http://windows-support-login.com,1
http://dropbox-storage-alert.net,1
http://dropbox-verify-account.biz,1
http://bank-secure-update.com,1
http://onlinebanking-confirm.net,1
http://sbi-secure-login.in,1
http://sbi-update-kyc.net,1
http://hdfc-account-verify.in,1
http://icici-login-alert.in,1
http://axisbank-secure-check.in,1
http://irctc-refund-claim.net,1
http://irctc-ticket-verify.biz,1
http://upi-payment-pending.com,1
http://upi-secure-verify.net,1
http://paytm-login-warning.com,1
http://phonepe-verify-account.net,1
http://google-pay-security.biz,1
http://cryptowallet-verify.com,1
http://binance-login-alert.net,1
http://coinbase-secure-access.biz,1
http://wallet-connect-verify.com,1
http://metamask-security-check.net,1
http://free-gift-cards-now.com,1
http://win-free-iphone.net,1
http://claim-lottery-prize.biz,1
http://urgent-account-action.com,1
http://verify-now-or-locked.net,1
http://secure-login-required.biz,1
http://account-suspended-alert.com,1
http://reset-password-immediately.net,1
http://confirm-identity-now.biz,1
http://limited-access-warning.com,1
http://security-breach-alert.net,1
http://fraud-detected-action.biz,1
http://unusual-activity-login.com,1
http://validate-user-info.net,1
http://payment-failed-update.biz,1
http://refund-processing-required.com,1
http://verify-billing-details.net,1
http://click-to-secure-account.biz,1
http://support-team-verification.com,1
http://customer-care-login.net,1
http://official-support-alert.biz,1
http://account-recovery-center.com,1
http://secure-authentication.net,1
http://identity-check-required.biz,1
https://www.adobe.com,0
https://www.salesforce.com,0
https://www.mozilla.org,0
https://www.spotify.com,0
https://www.airbnb.com,0
https://www.booking.com,0
https://www.paypal.com,0
https://www.dropbox.com,0
https://www.slack.com,0
https://www.zoom.us,0
https://www.digitalocean.com,0
https://www.heroku.com,0
https://www.cloudflare.com,0
https://www.bootstrapcdn.com,0
https://www.bootstrapcdn.com,0
https://www.google.com,0
http://secure-paypal-login.com,1
https://www.amazon.in,0
http://verify-account-now.net,1
https://www.github.com,0
http://paypal-security-alert.info,1
https://www.microsoft.com,0
https://www.netflix.com,0
http://netflix-billing-update.com,1
https://www.wikipedia.org,0
http://login-google-support.net,1
https://www.stackoverflow.com,0
http://secure-login-required.biz,1
https://www.linkedin.com,0
https://www.apple.com,0
http://appleid-verify-now.com,1
https://www.spotify.com,0
http://spotify-account-suspended.net,1
https://www.reddit.com,0
https://www.medium.com,0
http://update-payment-method.biz,1
https://www.quora.com,0
https://www.udemy.com,0
http://free-gift-cards-now.com,1
https://www.coursera.org,0
http://claim-reward-immediately.net,1
https://www.khanacademy.org,0
https://www.ibm.com,0
http://secure-bank-login.in,1
https://www.oracle.com,0
https://www.adobe.com,0
http://verify-bank-details-now.com,1
https://www.salesforce.com,0
http://chase-account-alert.net,1
https://www.mozilla.org,0
https://www.paypal.com,0
http://paypal-refund-processing.biz,1
https://www.dropbox.com,0
http://dropbox-storage-warning.net,1
https://www.slack.com,0
https://www.zoom.us,0
http://zoom-meeting-secure-login.com,1
https://www.digitalocean.com,0
http://server-access-verification.net,1
https://www.cloudflare.com,0
https://www.flipkart.com,0
http://flipkart-order-verify.biz,1
https://www.myntra.com,0
https://www.irctc.co.in,0
http://irctc-refund-claim.net,1
https://www.sbi.co.in,0
http://sbi-update-kyc-now.in,1
https://www.hdfcbank.com,0
http://hdfc-account-restricted.in,1
https://www.icicibank.com,0
http://icici-secure-login-alert.in,1
https://www.axisbank.com,0
http://axisbank-verification.net,1
https://www.naukri.com,0
https://www.indeed.com,0
http://resume-verification-required.biz,1
https://www.glassdoor.com,0
https://www.moneycontrol.com,0
https://www.investopedia.com,0
http://investment-account-alert.com,1
https://www.github.io,0
http://github-login-warning.net,1
https://www.gitlab.com,0
https://www.bitbucket.org,0
http://repo-access-verification.biz,1
https://www.leetcode.com,0
https://www.hackerrank.com,0
http://coding-test-login.net,1
https://www.geeksforgeeks.org,0
https://www.w3schools.com,0
https://www.freecodecamp.org,0
http://developer-login-secure.com,1
https://www.canva.com,0
http://canva-account-disabled.net,1
https://www.figma.com,0
https://www.behance.net,0
http://design-portfolio-verify.biz,1
https://www.shopify.com,0
http://shopify-store-suspended.net,1
https://www.bigbasket.com,0
https://www.zoho.com,0
http://zoho-mail-verification.com,1
https://www.tcs.com,0
https://www.infosys.com,0
http://employee-portal-login.biz,1
https://www.wipro.com,0
https://www.accenture.com,0
https://www.cisco.com,0
http://network-security-alert.net,1
https://www.intel.com,0
https://www.hp.com,0
http://device-warranty-expired.biz,1
https://www.dell.com,0
https://www.lenovo.com,0
http://driver-update-required.net,1
https://www.samsung.com,0
https://www.sony.com,0
http://sony-account-verify.biz,1
https://www.lg.com,0
https://www.nasa.gov,0
http://government-grant-claim.net,1
https://www.whitehouse.gov,0
https://www.irs.gov,0
http://tax-refund-processing.biz,1
https://www.airbnb.com,0
http://airbnb-payment-failed.net,1
https://www.booking.com,0
http://booking-reservation-confirm.biz,1
https://www.uber.com,0
http://uber-trip-refund.net,1
https://www.ola.com,0
http://ride-payment-pending.biz,1
https://www.paytm.com,0
http://paytm-kyc-update-now.in,1
https://www.phonepe.com,0
http://phonepe-account-locked.in,1
https://www.google.com/maps,0
http://location-access-verification.net,1
https://www.bootstrapcdn.com,0
https://www.flipkart.com,0
https://www.snapdeal.com,0
https://www.myntra.com,0
https://www.irctc.co.in,0
https://www.sbi.co.in,0
https://www.hdfcbank.com,0
https://www.icicibank.com,0
https://www.axisbank.com,0
https://www.naukri.com,0
https://www.indeed.com,0
https://www.glassdoor.com,0
https://www.moneycontrol.com,0
https://www.investopedia.com,0
https://www.github.io,0
https://www.gitlab.com,0
https://www.bitbucket.org,0
https://www.codepen.io,0
https://www.leetcode.com,0
https://www.hackerrank.com,0
https://www.geeksforgeeks.org,0
https://www.w3schools.com,0
https://www.tutorialspoint.com,0
https://www.freecodecamp.org,0
https://www.udacity.com,0
https://www.pluralsight.com,0
https://www.skillshare.com,0
https://www.tesla.com,0
https://www.nasa.gov,0
https://www.whitehouse.gov,0
http://secure-login-bank.com,1
http://verify-account-now.net,1
http://update-paypal-info.biz,1
http://login-paypal-security.com,1
http://confirm-bank-details.info,1
http://secure.verify-login.co,1
http://paypal-login-update.xyz,1
http://banking-secure-alert.net,1
http://signin-google-account.co,1
http://amazon-update-billing.info,1
http://appleid-verify-login.com,1
http://netflix-login-verify.net,1
http://facebook-security-check.co,1
http://instagram-verify-now.biz,1
http://microsoft-account-alert.xyz,1
http://secure-update-hdfcbank.co,1
http://icici-login-verification.info,1
http://sbi-secure-auth.net,1
http://paytm-verify-account.co,1
http://upi-secure-check.xyz,1
http://login-banking-alert.com,1
http://confirm-payment-now.net,1
http://secure-auth-session.biz,1
http://account-update-required.co,1
http://verify-now-login.xyz,1
https://www.irs.gov,0
https://www.canva.com,0
https://www.figma.com,0
https://www.behance.net,0
https://www.dribbble.com,0
https://www.envato.com,0
https://www.shopify.com,0
https://www.bigbasket.com,0
https://www.zoho.com,0
https://www.tcs.com,0
https://www.infosys.com,0
https://www.wipro.com,0
https://www.accenture.com,0
https://www.cisco.com,0
https://www.intel.com,0
https://www.amd.com,0
https://www.hp.com,0
https://www.dell.com,0
https://www.lenovo.com,0
https://www.samsung.com,0
https://www.sony.com,0
https://www.panasonic.com,0
https://www.lg.com,0
https://www.google.com,0
https://www.github.com,0
https://www.wikipedia.org,0
https://www.amazon.in,0
https://www.microsoft.com,0
https://www.apple.com,0
https://www.linkedin.com,0
https://www.stackoverflow.com,0
https://www.netflix.com,0
https://www.openai.com,0
https://www.paypal.com,0
https://www.bankofamerica.com,0
https://www.icicibank.com,0
https://www.hdfcbank.com,0
https://www.sbi.co.in,0
https://www.flipkart.com,0
https://www.instagram.com,0
https://www.facebook.com,0
https://www.twitter.com,0
https://www.youtube.com,0
http://example.com,0
https://cloudflare.com,0
https://developer.mozilla.org,0
https://docs.python.org,0
https://kaggle.com,0
https://news.ycombinator.com,0
http://secure-facebook-login-alert.com,1
https://www.bbc.com,0
http://facebook-session-expired.net,1
https://www.nytimes.com,0
http://social-media-verification.biz,1
https://www.theguardian.com,0
https://www.aljazeera.com,0
http://urgent-message-center.net,1
https://www.forbes.com,0
http://account-access-temporarily-limited.com,1
https://www.bloomberg.com,0
https://www.cnbc.com,0
http://finance-account-alert.biz,1
https://www.techcrunch.com,0
http://tech-support-immediate-action.net,1
https://www.engadget.com,0
https://www.wired.com,0
http://device-compromised-warning.com,1
https://www.nationalgeographic.com,0
https://www.discovery.com,0
http://streaming-subscription-paused.net,1
https://www.hotstar.com,0
http://hotstar-renewal-required.in,1
https://www.primevideo.com,0
http://primevideo-payment-declined.net,1
https://www.hulu.com,0
http://hulu-account-verify.biz,1
https://www.disneyplus.com,0
https://www.epicgames.com,0
http://gaming-account-suspended.net,1
https://www.steampowered.com,0
http://steam-wallet-security-alert.com,1
https://www.playstation.com,0
https://www.xbox.com,0
http://console-account-warning.net,1
https://www.unrealengine.com,0
https://www.unity.com,0
http://developer-license-expired.biz,1
https://www.python.org,0
https://www.java.com,0
http://software-update-critical.net,1
https://www.mysql.com,0
https://www.postgresql.org,0
http://database-access-alert.com,1
https://www.heroku.com,0
https://www.aws.amazon.com,0
http://cloud-resource-billing-alert.net,1
https://www.azure.microsoft.com,0
https://www.googlecloud.com,0
http://cloud-login-verification.biz,1
https://www.atlassian.com,0
https://www.jira.com,0
http://project-access-restricted.net,1
https://www.trello.com,0
https://www.notion.so,0
http://workspace-security-review.com,1
https://www.medium.com/topic/technology,0
https://dev.to,0
http://developer-community-login.biz,1
https://www.producthunt.com,0
https://www.behance.net/gallery,0
http://creative-account-verification.net,1
https://www.dribbble.com,0
https://www.fiverr.com,0
http://freelance-payment-hold.biz,1
https://www.upwork.com,0
https://www.freelancer.com,0
http://contractor-account-alert.net,1
https://www.airtel.in,0
http://airtel-sim-verification.in,1
https://www.jio.com,0
http://jio-5g-registration.net,1
https://www.vi.in,0
https://www.bsnhltd.in,0
http://network-activation-required.in,1
https://www.indianrail.gov.in,0
http://railway-refund-status.net,1
https://www.uidai.gov.in,0
http://aadhaar-update-pending.in,1
https://www.digilocker.gov.in,0
https://www.mygov.in,0
http://citizen-service-alert.biz,1
https://www.stackexchange.com,0
https://www.codeforces.com,0
https://www.topcoder.com,0
https://www.hackerearth.com,0
https://www.researchgate.net,0
https://www.sciencedirect.com,0
https://www.spring.io,0
https://www.jetbrains.com,0
https://www.jetbrains.com/idea,0
https://www.eclipse.org,0
https://www.gnu.org,0
https://www.kernel.org,0
https://www.rust-lang.org,0
https://www.scala-lang.org,0
https://www.kotlinlang.org,0
https://www.go.dev,0
https://www.docker.com,0
https://www.kubernetes.io,0
https://www.redhat.com,0
https://www.linuxfoundation.org,0
https://www.hashicorp.com,0
https://www.vagrantup.com,0
https://www.ansible.com,0
https://www.elastic.co,0
https://www.mongodb.com,0
https://www.redis.io,0
https://www.rabbitmq.com,0
https://www.nginx.com,0
https://www.apache.org,0
https://www.tomcat.apache.org,0
https://www.postman.com,0
https://www.getbootstrap.com,0
https://www.tailwindcss.com,0
https://www.reactjs.org,0
https://www.vuejs.org,0
https://www.angular.io,0
https://www.svelte.dev,0
https://www.nextjs.org,0
https://www.vercel.com,0
https://www.netlify.com,0
https://www.cloudflareworkers.com,0
https://www.digitalindia.gov.in,0
https://www.meity.gov.in,0
https://www.rbi.org.in,0
https://www.sebi.gov.in,0
https://www.isro.gov.in,0
https://www.bseindia.com,0
https://www.nseindia.com,0
https://www.mca.gov.in,0
https://www.incometax.gov.in,0
https://www.epfindia.gov.in,0
https://www.esic.nic.in,0
https://www.upsc.gov.in,0
https://www.cbse.gov.in,0
https://www.ncert.nic.in,0
https://www.ugc.ac.in,0
https://www.aiims.edu,0
https://www.iitm.ac.in,0
https://www.iisc.ac.in,0
https://www.bits-pilani.ac.in,0
https://www.iitb.ac.in,0
https://www.iitd.ac.in,0
https://www.iitm.ac.in,0
https://www.du.ac.in,0
https://www.jnu.ac.in,0
https://www.amrita.edu,0
https://www.vit.ac.in,0
https://www.srmist.edu.in,0
https://www.payoneer.com,0
https://www.wise.com,0
https://www.stripe.com,0
https://www.squareup.com,0
https://www.razorpay.com,0
https://www.cashfree.com,0
https://www.instamojo.com,0
https://www.ccavenue.com,0
https://www.billdesk.com,0
https://www.cleartrip.com,0
https://www.makemytrip.com,0
https://www.yatra.com,0
https://www.goibibo.com,0
https://www.easemytrip.com,0
https://www.redbus.in,0
https://www.abhibus.com,0
https://www.olacabs.com,0
https://www.swiggy.com,0
https://www.zomato.com,0
https://www.blinkit.com,0
https://www.zepto.com,0
https://www.dunzo.com,0
https://www.udaan.com,0
https://www.meetup.com,0
https://www.eventbrite.com,0
https://www.ticketmaster.com,0
https://www.bookmyshow.com,0
https://www.imdb.com,0
https://www.rottentomatoes.com,0
https://www.soundcloud.com,0
https://www.bandcamp.com,0
https://www.mixcloud.com,0
https://www.shazam.com,0
https://www.last.fm,0
http://secure-account-reauthentication.com,1
http://bank-login-validation-center.net,1
http://confirm-your-identity-now.co,1
http://urgent-security-review-required.biz,1
http://account-access-suspended-alert.net,1
http://verify-user-session-expired.com,1
http://payment-method-failure-alert.biz,1
http://reconfirm-billing-details-now.net,1
http://login-attempt-detected-alert.com,1
http://security-team-verification.biz,1
http://identity-validation-portal.net,1
http://account-compromised-immediate-action.com,1
http://secure-authentication-gateway.biz,1
http://customer-verification-required.net,1
http://verify-to-restore-access.com,1
http://account-review-in-progress.biz,1
http://login-confirmation-center.net,1
http://session-timeout-verification.com,1
http://account-lock-prevention.biz,1
http://financial-alert-action-required.net,1
http://billing-dispute-resolution.com,1
http://fraud-monitoring-alert.biz,1
http://verify-payment-instrument.net,1
http://transaction-hold-notice.com,1
http://secure-account-migration.biz,1
http://user-activity-review.net,1
http://compliance-verification-required.com,1
http://service-access-limited.biz,1
http://temporary-restriction-alert.net,1
http://restore-full-access-now.com,1
http://verification-support-desk.biz,1
http://account-safety-center.net,1
http://secure-identity-confirmation.com,1
http://online-verification-process.biz,1
http://final-notice-account-review.net,1
http://urgent-access-restoration.com,1
http://security-validation-form.biz,1
http://account-ownership-confirmation.net,1
https://www.jetbrains.com,0
http://verify-user-session-expired.com,1
https://www.codeforces.com,0
http://secure-authentication-gateway.biz,1
https://www.docker.com,0
http://billing-dispute-resolution.com,1
https://www.kubernetes.io,0
http://urgent-access-restoration.com,1
https://www.mongodb.com,0
http://account-compromised-immediate-action.com,1
https://www.postman.com,0
http://verify-payment-instrument.net,1
https://www.reactjs.org,0
http://login-confirmation-center.net,1
https://www.tailwindcss.com,0
http://session-timeout-verification.com,1
https://www.vercel.com,0
http://restore-full-access-now.com,1
https://www.netlify.com,0
http://account-review-in-progress.biz,1
https://www.digitalindia.gov.in,0
http://compliance-verification-required.com,1
https://www.rbi.org.in,0
http://financial-alert-action-required.net,1
https://www.isro.gov.in,0
http://fraud-monitoring-alert.biz,1
https://www.nseindia.com,0
http://transaction-hold-notice.com,1
https://www.incometax.gov.in,0
http://secure-account-migration.biz,1
https://www.epfindia.gov.in,0
http://identity-validation-portal.net,1
https://www.iisc.ac.in,0
http://verify-to-restore-access.com,1
https://www.iitb.ac.in,0
http://user-activity-review.net,1
https://www.payoneer.com,0
http://payment-method-failure-alert.biz,1
https://www.wise.com,0
http://reconfirm-billing-details-now.net,1
https://www.stripe.com,0
http://login-attempt-detected-alert.com,1
https://www.razorpay.com,0
http://security-team-verification.biz,1
https://www.makemytrip.com,0
http://service-access-limited.biz,1
https://www.redbus.in,0
http://temporary-restriction-alert.net,1
https://www.swiggy.com,0
http://account-lock-prevention.biz,1
https://www.zomato.com,0
http://online-verification-process.biz,1
https://www.bookmyshow.com,0
http://final-notice-account-review.net,1
https://www.imdb.com,0
http://verification-support-desk.biz,1
https://www.soundcloud.com,0
http://secure-identity-confirmation.com,1
https://www.mixcloud.com,0
http://account-ownership-confirmation.net,1
https://www.meetup.com,0
http://account-safety-center.net,1
https://www.eventbrite.com,0
http://urgent-security-review-required.biz,1
https://www.stackexchange.com,0
http://customer-verification-required.net,1
https://www.gnu.org,0
http://confirm-your-identity-now.co,1
https://www.kernel.org,0
http://secure-account-reauthentication.com,1
http://secure-payment-update-ftrxcka.info	1
https://support.google.org	0
http://payment-suspended-alert-lhwtekh.info	1
http://confirm-verify-identity-cwpusnzjo.in	1
http://payment-verify-secure-fhcgchqjjfg.net	1
http://login-suspended-payment-ejzqorv.com	1
https://www.udemy.io	0
https://www.docker.io	0
https://developer.digitalocean.net	0
https://kubernetes.io	0
http://alert-locked-action-fzncbcqu.co	1
http://alert-action-locked-nzwasrngq.net	1
https://azure.com	0
http://action-payment-update-tncqvnfjey.com	1
http://billing-secure-verify-wvhbwycm.net	1
http://suspended-security-login-ryenpzy.info	1
http://alert-restore-identity-lndfipff.net	1
http://secure-account-verify-wbgrfd.xyz	1
https://developer.udemy.net	0
https://www.wikipedia.net	0
https://developer.azure.com	0
http://restore-verify-secure-sucendemw.net	1
https://support.apple.com	0
http://suspended-identity-secure-ywemfk.com	1
https://www.digitalocean.io	0
http://security-billing-update-ssurmefbt.com	1
http://secure-action-locked-nweyceprg.net	1
http://locked-account-action-bcroigrigd.biz	1
https://www.google.net	0
http://locked-verify-identity-fgywwjevsp.com	1
http://suspended-update-restore-yddcoh.info	1
http://account-restore-identity-gmxvclhauqgt.co	1
http://verify-action-payment-ovpddix.com	1
http://account-restore-action-cuwkqeywzvw.com	1
https://docs.udemy.net	0
http://identity-payment-security-gucwwfv.xyz	1
https://kubernetes.com	0
http://alert-confirm-update-bujnrviawgpz.com	1
https://developer.cloudflare.io	0
https://support.apple.net	0
http://account-update-secure-lnurytflyxq.net	1
http://update-suspended-action-kkhdkyrxqho.com	1
https://aws.io	0
https://developer.wikipedia.org	0
http://security-action-payment-rhrqcyg.biz	1
https://github.com	0
https://developer.nvidia.com	0
https://support.docker.net	0
http://identity-security-verify-leynbgwlurzp.xyz	1
http://payment-suspended-alert-xlewltvhumgl.biz	1
https://docs.linux.com	0
https://digitalocean.org	0
http://verify-alert-identity-okfkxpsw.co	1
https://docs.java.net	0
http://identity-alert-suspended-tuxmhmkrusv.org	1
http://suspended-secure-alert-oaqdmbjfit.co	1
https://developer.python.com	0
https://support.microsoft.io	0
https://www.coursera.com	0
http://account-action-secure-ddrofstept.net	1
http://login-update-verify-airyksbrqc.biz	1
http://locked-security-verify-zujljniwvcyq.xyz	1
http://alert-login-payment-zhvnmltgwv.net	1
https://developer.kubernetes.net	0
http://restore-alert-confirm-mimjgh.biz	1
http://suspended-account-verify-smtrqmu.net	1
https://developer.reddit.org	0
https://support.cloudflare.net	0
http://confirm-alert-payment-ishgdfdnte.info	1
http://update-payment-locked-nhcffeanhzos.org	1
http://security-billing-verify-ahmizgwcbmpr.org	1
https://support.razorpay.io	0
https://apple.net	0
http://security-locked-account-nllwzhqptyff.net	1
https://intel.com	0
https://developer.azure.net	0
https://java.io	0
http://billing-verify-restore-yuqrylo.org	1
http://identity-login-verify-ehtohd.biz	1
http://update-suspended-identity-lpxtpafrw.com	1
http://restore-identity-update-btmqxepqmc.in	1
https://docs.wikipedia.com	0
http://confirm-alert-payment-hyvoliizk.com	1
http://suspended-billing-alert-ejtqtf.org	1
http://billing-payment-action-aqusia.co	1
https://www.azure.com	0
http://login-billing-payment-nhvzgojx.org	1
http://update-security-identity-kynvhhpzmdoi.co	1
https://docs.openai.org	0
http://account-locked-alert-wkimxjz.org	1
https://www.github.io	0
http://identity-action-billing-nlskre.xyz	1
http://update-confirm-locked-kcirnyqxmoq.info	1
http://action-update-account-cztscehaibj.co	1
https://support.aws.org	0
https://www.nvidia.net	0
http://account-billing-locked-gqlrxmh.org	1
https://docs.amd.io	0
http://alert-payment-update-vfkmgoozh.co	1
https://support.openai.com	0
http://payment-billing-update-upjqqrsrvqxq.biz	1
http://secure-locked-confirm-dxikfuwjnhe.xyz	1
http://update-payment-confirm-czdzwszzujua.net	1
https://docs.amd.net	0
http://confirm-verify-restore-mqyipqq.xyz	1
http://update-restore-alert-dyhmcx.org	1
https://docs.wikipedia.net	0
http://payment-login-alert-cmkyajlywcr.in	1
https://docs.docker.com	0
http://identity-billing-verify-fqzbizufvop.info	1
https://udemy.com	0
https://github.io	0
http://verify-restore-secure-augiebt.net	1
http://billing-action-security-ncnybuwn.xyz	1
http://secure-action-billing-krmxbcpbhqoi.biz	1
https://support.aws.com	0
http://verify-identity-restore-wowlxkvksii.biz	1
https://wikipedia.net	0
https://www.amazon.net	0
https://docs.udemy.org	0
http://locked-suspended-identity-rkwykxbh.biz	1
https://support.ibm.org	0
https://developer.kubernetes.com	0
https://support.cloudflare.com	0
http://locked-account-security-vzvpqayvg.org	1
https://docs.paypal.io	0
https://openai.org	0
http://alert-verify-login-qatfkijsuoc.com	1
https://support.microsoft.com	0
https://developer.oracle.net	0
https://coursera.com	0
https://www.java.net	0
http://update-secure-account-zbfytthdm.co	1
https://developer.intel.org	0
http://identity-restore-security-bwbaxwoo.co	1
https://developer.google.io	0
https://support.azure.io	0
https://www.kubernetes.net	0
http://suspended-verify-alert-iiiencnxjsvv.info	1
https://docs.docker.org	0
http://security-action-restore-eumttl.in	1
http://restore-confirm-login-blhhbnilb.biz	1
https://support.razorpay.com	0
https://support.mozilla.org	0
https://developer.ibm.org	0
http://billing-verify-security-isnegllnejhk.in	1
http://secure-security-restore-iiokgwzpdcr.in	1
https://developer.github.com	0
https://developer.mozilla.io	0
http://restore-payment-identity-xcrnaiyitez.org	1
https://www.ibm.com	0
http://action-security-locked-peesqxs.com	1
https://azure.io	0
http://security-billing-account-gzuxfroluu.co	1
http://identity-account-security-dgqwocvwht.biz	1
https://support.github.net	0
https://khanacademy.net	0
http://action-secure-alert-kjkcfi.net	1
http://restore-confirm-security-dhvsdsl.com	1
http://secure-update-account-dyplugdgqqbv.xyz	1
http://secure-restore-suspended-gdlpgkrczb.com	1
https://developer.microsoft.net	0
http://update-payment-secure-uitqutib.in	1
http://login-identity-security-msqvbulhbfb.biz	1
http://identity-suspended-billing-aqhwbrhu.co	1
http://payment-billing-alert-zmmynusc.org	1
http://confirm-verify-identity-rhplrjbw.in	1
http://alert-update-restore-ybqjurydpuab.in	1
https://support.microsoft.org	0
http://confirm-action-billing-bdjihyaenxdu.xyz	1
https://support.java.net	0
https://openai.com	0
https://developer.amazon.io	0
http://payment-verify-suspended-hhessejfzu.info	1
http://secure-confirm-suspended-juopcizsnt.net	1
https://docs.mozilla.com	0
https://support.cloudflare.org	0
http://security-suspended-restore-ezlxbddeis.in	1
http://suspended-update-verify-fyhqpcqp.org	1
https://support.medium.io	0
http://locked-secure-identity-bqoqtk.com	1
https://support.java.io	0
https://developer.java.net	0
https://www.gitlab.net	0
https://developer.docker.io	0
http://confirm-identity-payment-twzdjoim.biz	1
https://apple.com	0
https://developer.openai.net	0
https://khanacademy.io	0
http://payment-confirm-account-ezmwmcklgpbh.xyz	1
https://www.openai.com	0
https://docs.medium.io	0
http://confirm-secure-alert-ofobnt.biz	1
http://locked-restore-action-dcjzoj.org	1
https://support.digitalocean.com	0
https://reddit.io	0
http://suspended-billing-login-xdyikqvpnn.xyz	1
http://update-billing-secure-ickhxwqp.biz	1
http://security-action-locked-fbmnsujvgo.net	1
https://developer.linux.net	0
https://aws.net	0
http://payment-action-secure-dfirniexiju.biz	1
http://account-action-update-hyzusrmmoy.biz	1
https://support.wikipedia.net	0
http://alert-identity-confirm-uhhsjlgmfoys.org	1
https://support.kubernetes.org	0
https://google.org	0
https://developer.oracle.org	0
http://update-confirm-action-btqgtwaxkvy.com	1
http://alert-security-billing-yzywaoc.in	1
https://support.ibm.net	0
http://login-identity-suspended-hvitqsaih.info	1
https://developer.khanacademy.net	0
http://verify-alert-restore-ediggg.biz	1
http://update-locked-payment-aqsbdhknxs.biz	1
http://restore-update-confirm-fymlzjsxtu.info	1
http://restore-security-locked-unnjxcvxfnew.xyz	1
https://reddit.net	0
https://support.azure.com	0
https://support.aws.net	0
http://suspended-billing-restore-iagafblsobxz.xyz	1
https://developer.gitlab.org	0
http://payment-restore-alert-zjwxjrro.in	1
https://support.digitalocean.org	0
http://account-identity-secure-ahronvgjhysc.co	1
http://action-secure-account-bplrwgb.xyz	1
https://docs.kubernetes.io	0
http://security-restore-confirm-hdrfhby.org	1
http://alert-suspended-billing-zyruik.org	1
https://coursera.net	0
https://java.org	0
http://action-secure-suspended-zodgfqxwc.info	1
https://developer.wikipedia.com	0
http://account-security-identity-somwiyayzd.xyz	1
http://payment-locked-action-kgihmqi.in	1
http://billing-action-verify-zmvxjkofdgyp.co	1
https://linux.org	0
https://oracle.io	0
https://developer.razorpay.net	0
https://docs.gitlab.org	0
http://billing-login-suspended-ynvbvbadqbd.info	1
http://confirm-secure-locked-rqmmaoanhza.co	1
http://action-login-verify-ngqgju.net	1
https://developer.azure.org	0
http://account-update-restore-wqwtcjobaeml.in	1
http://identity-verify-suspended-fxrohy.biz	1
http://locked-restore-secure-yiyptsk.net	1
https://support.kubernetes.net	0
http://suspended-confirm-alert-turcticgbppp.in	1
https://docs.intel.net	0
https://support.java.org	0
http://verify-update-login-sqticaijh.org	1
https://www.cloudflare.com	0
http://security-confirm-alert-hkcxxz.org	1
http://login-action-update-gdehhujy.xyz	1
http://account-billing-verify-hyiquii.org	1
https://support.razorpay.org	0
https://razorpay.net	0
http://update-payment-identity-mogjvkcopor.com	1
http://billing-payment-account-uvbwurdhg.org	1
http://security-alert-verify-zmknxrouj.net	1
https://wikipedia.io	0
https://support.microsoft.net	0
http://confirm-security-alert-agnnpo.xyz	1
https://developer.coursera.org	0
https://www.oracle.com	0
https://www.apple.org	0
https://docs.azure.org	0
http://confirm-billing-verify-slbbsaicu.info	1
http://suspended-login-confirm-lmuqerktwl.co	1
https://docker.io	0
http://security-action-verify-cweilgwnqp.co	1
http://confirm-action-billing-eruxprigdj.org	1
http://alert-locked-login-jeqsqzomdi.xyz	1
http://identity-confirm-secure-dvznmrkvm.net	1
http://security-action-account-afhuoumn.net	1
https://support.khanacademy.io	0
http://security-secure-action-lfltqgwagwc.net	1
http://account-action-security-pjsqedffbjh.org	1
https://docs.java.io	0
http://suspended-restore-verify-zuxzwdw.info	1
https://docs.khanacademy.org	0
http://restore-alert-billing-pgklqwc.biz	1
http://action-confirm-billing-iauttlrjb.co	1
https://developer.khanacademy.org	0
https://docs.khanacademy.io	0
http://action-restore-security-bqvaye.xyz	1
https://developer.docker.org	0
http://update-login-action-rgjxek.biz	1
http://security-account-alert-ccfcpnlaidw.org	1
https://digitalocean.com	0
http://verify-action-confirm-wdutdzdn.com	1
http://login-billing-confirm-ftxqlfxddsj.co	1
http://account-suspended-locked-shyawwfpek.com	1
http://security-account-billing-cmpnzzydw.co	1
http://security-verify-secure-bgbbunqnks.net	1
http://suspended-locked-login-ccxzeipt.net	1
https://developer.medium.org	0
https://www.paypal.net	0
https://support.nvidia.com	0
http://payment-secure-login-ynusedugx.com	1
https://support.mozilla.com	0
https://support.gitlab.io	0
https://www.stripe.com	0
https://support.google.com	0
http://secure-account-action-jxeyausrf.info	1
https://docs.python.com	0
http://verify-suspended-restore-euzybm.biz	1
http://update-confirm-verify-ljhutgjzzu.info	1
https://developer.google.org	0
http://restore-identity-payment-yarwsc.info	1
https://stripe.net	0
http://confirm-billing-payment-pnqkpb.org	1
https://docs.openai.io	0
http://alert-payment-identity-ihbfupee.xyz	1
https://www.intel.io	0
http://account-billing-update-gdervsbvi.net	1
http://confirm-alert-suspended-rgzakl.info	1
https://www.udemy.org	0
https://www.khanacademy.org	0
https://developer.cloudflare.com	0
http://update-identity-verify-zfqvcw.in	1
https://developer.microsoft.org	0
http://alert-identity-payment-mjljxhldp.info	1
http://billing-alert-suspended-bhdfxnquu.co	1
http://confirm-billing-suspended-mxnkeifxubzn.info	1
http://verify-account-restore-gvxbzfw.co	1
https://gitlab.org	0
http://security-payment-identity-xasyooez.xyz	1
http://login-billing-secure-bpamip.org	1
https://paypal.io	0
https://amd.org	0
http://identity-suspended-confirm-jykchd.org	1
http://alert-security-restore-qezsyufpe.biz	1
http://update-login-identity-asowuoeivpq.net	1
http://login-confirm-payment-gzexcs.in	1
http://confirm-update-security-sblkek.co	1
https://developer.apple.net	0
http://locked-restore-security-fluaagcixeb.net	1
https://support.stripe.net	0
http://alert-restore-login-xecfesssgh.info	1
https://developer.amd.net	0
https://docs.google.net	0
https://support.oracle.org	0
https://gitlab.io	0
http://billing-identity-verify-umxgqkjj.org	1
https://docs.azure.net	0
https://docs.amd.com	0
https://www.amazon.io	0
http://alert-security-locked-ovvknwm.info	1
https://www.digitalocean.com	0
http://action-suspended-security-rqdtezzvdl.co	1
http://suspended-confirm-update-lwuqnkkdpt.net	1
http://locked-security-verify-hnikjmpahdps.com	1
https://docs.reddit.org	0
https://developer.paypal.io	0
http://secure-confirm-security-ivwrzfht.in	1
https://paypal.net	0
http://security-suspended-confirm-bubskunoewfb.com	1
https://developer.ibm.net	0
http://verify-restore-secure-jpewpje.biz	1
http://payment-verify-update-keozwq.info	1
https://developer.ibm.com	0
http://security-restore-secure-xqpaguhzq.co	1
http://identity-confirm-billing-fhnqpazz.in	1
http://locked-action-update-rmihihry.biz	1
https://support.coursera.org	0
http://security-identity-action-prrsrzgkkaso.info	1
http://restore-confirm-suspended-vvwecdgv.org	1
http://action-confirm-restore-ffwkxj.biz	1
http://locked-action-identity-mfdrnk.org	1
https://linux.net	0
http://action-billing-login-wecizibl.info	1
http://login-locked-security-mtcpqkz.co	1
https://support.docker.io	0
http://action-confirm-security-naatfwicnhbb.biz	1
https://support.nvidia.io	0
https://gitlab.net	0
https://medium.org	0
https://www.amd.org	0
http://locked-secure-action-rqarkj.biz	1
https://docker.com	0
https://www.wikipedia.io	0
http://payment-login-alert-xnqhumpuvzjk.org	1
https://developer.paypal.org	0
http://billing-confirm-account-accomy.net	1
http://verify-update-restore-lzgbvww.in	1
http://confirm-alert-payment-ctbwre.in	1
http://locked-update-payment-jicklv.xyz	1
http://restore-security-login-dszvcx.xyz	1
http://restore-billing-login-jjarvzdxck.com	1
https://docs.google.org	0
http://restore-identity-confirm-nscrgirkvo.com	1
https://ibm.net	0
http://identity-login-verify-mgzbfqkglulw.xyz	1
https://developer.medium.com	0
https://developer.microsoft.com	0
http://security-locked-identity-hnfryjbfloq.xyz	1
http://confirm-payment-billing-crajqu.in	1
http://secure-login-billing-vtkgfdw.info	1
http://billing-action-restore-ydmnbyvmnx.org	1
http://login-payment-action-kpwnkz.info	1
http://login-alert-locked-xnvoitoffsr.org	1
http://restore-login-suspended-sidjmorktv.biz	1
http://alert-security-secure-cjbbguzrdb.biz	1
http://verify-locked-restore-ofqknussbjk.in	1
http://secure-action-payment-fwwlfqsj.info	1
http://account-update-billing-zbztdbh.biz	1
https://support.openai.io	0
https://docs.nvidia.com	0
http://restore-locked-action-mojuifeb.org	1
https://docs.docker.net	0
http://identity-security-restore-cigqxg.com	1
http://confirm-alert-security-kohxvj.xyz	1
https://docs.stripe.org	0
https://www.razorpay.com	0
https://support.intel.com	0
http://account-restore-identity-frvfvwtlvbra.in	1
https://www.microsoft.org	0
http://suspended-verify-locked-fgkqlarnqqtp.net	1
https://support.apple.io	0
http://update-locked-verify-tlkrmndk.biz	1
http://login-update-restore-wqyawdbokocf.in	1
https://support.github.org	0
https://wikipedia.com	0
http://action-suspended-billing-ohbcsmidrcq.info	1
https://developer.linux.io	0
http://login-locked-identity-vyeiusqh.in	1
https://docs.stripe.net	0
https://docs.coursera.io	0
https://www.gitlab.com	0
http://identity-action-login-ftqsxwqvpt.info	1
http://suspended-update-action-mujfuthmnk.com	1
http://identity-security-locked-enleyrztmjf.xyz	1
https://docs.cloudflare.org	0
https://ibm.io	0
https://developer.stripe.com	0
https://docs.apple.io	0
http://update-locked-suspended-eqjqvnjxnj.in	1
http://login-billing-action-cqfejsd.info	1
https://docs.medium.com	0
http://restore-identity-alert-gdpdnx.org	1
https://docs.paypal.org	0
http://alert-locked-identity-asrhclzwevp.org	1
http://suspended-update-login-rxpbjdanxrv.net	1
http://suspended-action-security-crxoay.co	1
http://confirm-identity-secure-nfuujpttscd.xyz	1
http://action-identity-verify-pogatann.co	1
http://payment-security-confirm-jeqgwljhr.info	1
https://support.oracle.io	0
http://locked-confirm-security-kdwdfuycnuu.com	1
https://www.udemy.com	0
http://billing-locked-alert-bfcajz.biz	1
http://locked-secure-security-emawynfunspr.in	1
http://security-alert-confirm-kpntbchvxjz.biz	1
https://azure.net	0
http://update-login-alert-cbhyuywvos.co	1
http://security-account-action-yllpadbq.info	1
http://account-security-confirm-ynavgcrvb.org	1
https://docs.docker.io	0
https://oracle.org	0
https://openai.io	0
https://khanacademy.org	0
http://confirm-login-security-dcymaw.com	1
http://confirm-locked-action-xwohetnkt.org	1
https://developer.oracle.com	0
http://alert-identity-restore-ezslrafpipgo.info	1
https://support.linux.io	0
https://developer.docker.net	0
http://confirm-action-alert-lozrvsuo.co	1
https://oracle.com	0
https://developer.github.io	0
http://update-action-suspended-okrbvmqlijoy.biz	1
https://developer.apple.io	0
http://locked-account-action-qnzhinulcp.xyz	1
http://login-identity-action-viqowbefihg.co	1
https://developer.coursera.io	0
http://suspended-billing-alert-easrysc.org	1
http://secure-security-alert-tcgerxighq.org	1
http://login-secure-identity-jxwmwyodyop.xyz	1
http://restore-locked-alert-qnxmfcikea.org	1
https://developer.intel.com	0
http://billing-security-action-alhgajko.co	1
https://www.aws.org	0
http://security-locked-action-rhtvkwehqqh.xyz	1
https://www.github.com	0
http://secure-login-verify-gssgdmii.xyz	1
http://billing-payment-security-ivybub.xyz	1
https://docs.khanacademy.net	0
http://verify-security-payment-kzgzftc.info	1
https://www.medium.com	0
http://identity-restore-account-glaupk.info	1
https://www.amd.net	0
http://login-confirm-security-gmrizt.com	1
https://reddit.com	0
https://linux.io	0
http://billing-payment-account-rjdxml.biz	1
http://billing-account-locked-oimwpwe.org	1
https://docs.intel.io	0
http://locked-identity-confirm-qibzvertehki.net	1
http://verify-secure-login-wfmcovr.biz	1
https://nvidia.com	0
https://mozilla.net	0
http://identity-verify-billing-qjtxvubqntvc.info	1
http://verify-action-payment-nengqet.co	1
http://security-restore-locked-rslcuonr.xyz	1
http://action-confirm-suspended-vkqvigoj.biz	1
https://www.java.com	0
http://action-update-secure-zfiuyvxn.org	1
https://developer.cloudflare.org	0
https://docs.amazon.net	0
http://account-payment-verify-immxsvcqavj.com	1
http://confirm-action-alert-ydutwyqqb.com	1
https://support.github.io	0
http://account-login-secure-tklpnfhkdco.com	1
http://update-verify-alert-lstmfkoozn.info	1
https://developer.linux.com	0
https://developer.aws.io	0
https://docs.cloudflare.com	0
http://login-confirm-locked-zldbvfjtwcby.org	1
http://identity-update-secure-sclafnfn.biz	1
http://locked-payment-login-saprbehuqbr.com	1
https://docs.wikipedia.io	0
http://secure-update-restore-gjzciwnen.xyz	1
http://payment-secure-identity-xhmtarj.biz	1
https://support.python.com	0
http://action-alert-secure-yfikdsnrwr.co	1
http://confirm-billing-suspended-fdouwis.org	1
https://mozilla.org	0
https://medium.com	0
http://action-alert-identity-lyxyhuce.biz	1
http://locked-account-action-gacudvm.in	1
https://www.paypal.io	0
http://account-payment-restore-tbyzwmi.xyz	1
http://alert-action-security-pvskyo.com	1
http://billing-action-secure-nktonqb.biz	1
https://developer.java.com	0
http://action-login-billing-qcnepxokialx.info	1
http://verify-update-confirm-qsetcsqcssz.org	1
http://locked-identity-restore-dweskitlqddf.biz	1
http://secure-locked-billing-frllpaw.biz	1
http://suspended-identity-account-ebjdap.biz	1
https://www.microsoft.com	0
http://payment-action-locked-uelpychjjb.co	1
http://verify-update-billing-dwikffb.net	1
https://support.paypal.io	0
https://docs.python.io	0
http://locked-action-billing-smvwghfdmu.info	1
http://alert-action-secure-jufqrgbh.in	1
http://verify-restore-confirm-koyvfvxm.xyz	1
http://restore-login-billing-qxniukt.biz	1
http://restore-confirm-suspended-apixubdvij.org	1
http://alert-login-locked-wtsiak.xyz	1
http://confirm-billing-update-nejafcn.xyz	1
http://login-account-confirm-tnudwvyrd.com	1
https://www.wikipedia.com	0
https://www.apple.io	0
https://docs.mozilla.org	0
http://security-billing-restore-hecyoc.in	1
http://update-login-payment-hgbpildmrcbl.org	1
http://action-locked-restore-rljiftvcxtoc.xyz	1
http://alert-login-payment-iwimbcmvhjo.net	1
https://www.linux.com	0
http://suspended-billing-alert-kqozjivpul.in	1
http://account-login-restore-cyompmoveyb.net	1
http://locked-security-alert-mrcvxxqa.org	1
http://billing-suspended-update-qlfwhurxy.in	1
http://locked-secure-action-kdhjobsvjw.com	1
https://support.digitalocean.io	0
http://alert-action-identity-fedovjkhwd.com	1
https://www.github.net	0
http://login-verify-action-uwxsyqllvkf.co	1
http://locked-billing-payment-shyoaam.in	1
https://developer.razorpay.com	0
http://action-confirm-suspended-alxoijzhesph.biz	1
https://developer.amd.org	0
http://restore-update-security-qhcnwhdhwac.org	1
http://payment-login-restore-jeugenazz.org	1
http://security-alert-action-glqftiqtd.org	1
http://security-suspended-account-rkgnlhuji.com	1
https://support.mozilla.io	0
http://alert-locked-restore-hhugplrgrunr.org	1
http://secure-alert-verify-clfhfacyrv.net	1
http://verify-action-locked-jtquece.biz	1
https://www.mozilla.net	0
http://update-security-alert-xuiebujibyg.xyz	1
https://nvidia.net	0
https://developer.apple.org	0
http://alert-account-locked-clgabsuamqa.com	1
http://update-login-payment-xonymlvu.net	1
http://secure-alert-payment-udnzihbzqjwi.xyz	1
http://update-restore-account-ozrhkcr.xyz	1
https://udemy.net	0
http://identity-action-suspended-tgbtmax.com	1
http://action-update-security-lepvcm.info	1
http://payment-restore-alert-droizfbe.net	1
https://docs.intel.org	0
https://developer.amazon.com	0
https://www.reddit.io	0
https://docs.ibm.net	0
http://payment-billing-locked-qujagd.net	1
http://identity-security-suspended-furhfurzme.com	1
https://docs.java.org	0
https://docs.nvidia.net	0
https://www.paypal.org	0
https://medium.net	0
http://confirm-alert-account-riuictwjfmm.co	1
https://support.azure.org	0
https://azure.org	0
http://update-account-confirm-aohcmkt.info	1
http://locked-login-security-qpezwcwmzpvh.co	1
http://account-action-confirm-pxpdoazbm.com	1
https://amazon.com	0
http://alert-account-login-hqcmhswt.com	1
http://billing-security-login-sewqsaqkrnht.info	1
http://verify-locked-confirm-ynxjbjmbjqs.info	1
https://docs.kubernetes.com	0
http://payment-security-locked-yftfjgrhbimn.net	1
https://support.wikipedia.io	0
https://docs.udemy.com	0
https://java.com	0
https://docs.apple.org	0
https://ibm.com	0
https://support.paypal.org	0
https://www.google.org	0
http://suspended-restore-confirm-prumrnolo.biz	1
https://docs.kubernetes.net	0
https://docs.coursera.com	0
http://login-payment-suspended-eesxuedz.org	1
http://secure-restore-confirm-dlzndayt.xyz	1
http://login-secure-payment-zismhyzodo.xyz	1
https://www.medium.net	0
http://login-restore-suspended-ikvlcb.info	1
http://account-security-identity-fcwryzkm.com	1
http://confirm-alert-login-wjjhjzwcslz.xyz	1
https://developer.medium.net	0
https://docs.oracle.io	0
https://support.coursera.net	0
http://login-update-identity-vmqxkmrgdhz.net	1
http://confirm-locked-billing-lgrzvjtagp.org	1
https://cloudflare.org	0
https://docs.aws.io	0
https://docs.ibm.com	0
http://security-restore-login-ctowvrhrrcpv.com	1
https://docs.cloudflare.net	0
https://apple.org	0
http://suspended-locked-payment-yvssukxddajr.org	1
http://action-locked-suspended-zehtddsrhfzl.net	1
https://developer.coursera.net	0
https://docs.microsoft.com	0
http://action-locked-account-xejcvyyjen.info	1
http://verify-action-locked-afehxnzcfnsj.org	1
https://www.gitlab.io	0
http://alert-account-suspended-ktimnmj.biz	1
http://secure-verify-confirm-dhpizlohw.info	1
http://action-identity-security-yjarrknrd.co	1
https://support.apple.org	0
http://alert-verify-account-lmttptuyjryz.biz	1
https://developer.apple.com	0
https://developer.kubernetes.org	0
https://www.khanacademy.com	0
http://confirm-login-update-qtrnmmhmno.com	1
http://secure-alert-verify-lwlaeruxe.co	1
http://billing-restore-suspended-omoebgpjrth.com	1
https://support.google.io	0
https://www.wikipedia.org	0
http://verify-identity-update-iailwo.co	1
https://developer.amd.com	0
http://alert-locked-action-ovcrinti.biz	1
http://security-verify-suspended-hbzkftc.net	1
http://update-verify-locked-nljbvnhrikgn.org	1
http://restore-payment-suspended-emrvygqvwxys.com	1
http://confirm-billing-login-drhlivb.info	1
http://update-identity-action-erggdauimzk.com	1
https://docs.github.com	0
https://docs.wikipedia.org	0
http://secure-payment-billing-awcpwxkjrcys.org	1
https://support.medium.com	0
http://identity-locked-security-gwgduipktg.co	1
https://www.gitlab.org	0
http://billing-alert-update-pmjyilrzwyjs.biz	1
http://security-restore-account-oiyjvdww.co	1
http://login-billing-restore-wtkawvym.co	1
http://confirm-payment-alert-cegbksoistqe.xyz	1
http://login-secure-alert-qicenzv.org	1
http://restore-alert-security-lwdepihc.in	1
https://developer.razorpay.org	0
http://billing-account-update-wbqpdyeoanu.xyz	1
http://billing-verify-account-fyvgtjlffvs.info	1
https://developer.udemy.org	0
http://confirm-locked-restore-ladisrsstgc.com	1
http://restore-security-locked-tbgqhkjzopg.xyz	1
http://action-billing-login-inddbd.biz	1
http://action-alert-update-ptgixizt.org	1
http://action-restore-identity-lebememdxmlz.xyz	1
https://www.openai.org	0
https://medium.io	0
http://restore-locked-account-zatexgmcih.net	1
https://support.paypal.com	0
http://login-secure-verify-vrlypazry.in	1
http://payment-security-locked-fbqibby.co	1
http://identity-alert-verify-weuhtr.net	1
https://developer.medium.io	0
http://locked-login-confirm-cjflkgpckje.co	1
https://support.linux.net	0
http://restore-action-payment-ynqcmcu.biz	1
http://suspended-alert-update-bbbclcrogg.net	1
http://secure-verify-payment-muvbksistlv.in	1
http://identity-security-login-etpwcna.net	1
http://payment-locked-action-hvqrzrucd.info	1
https://www.reddit.org	0
http://account-billing-restore-qlquehm.xyz	1
http://billing-action-identity-wpfovb.com	1
https://developer.aws.net	0
http://locked-payment-suspended-aknsyxwg.com	1
http://alert-locked-confirm-bxkmmyjsah.info	1
http://restore-confirm-locked-vrdhsyvrtuuv.info	1
http://confirm-update-action-evxablqdfgi.in	1
http://security-suspended-update-wwpcbyu.net	1
http://security-locked-identity-wconedfjsstm.net	1
https://docs.linux.org	0
http://secure-account-security-incjtjrdt.co	1
http://login-security-alert-xxynrylus.net	1
https://docs.digitalocean.org	0
https://developer.coursera.com	0
http://restore-login-locked-zzuwzk.biz	1
http://confirm-action-secure-hnxslfouqsxu.co	1
http://action-update-verify-nkswno.info	1
http://login-secure-identity-ogvhkntvgndt.net	1
https://udemy.org	0
http://suspended-payment-account-ipvjcs.co	1
http://alert-locked-suspended-uwpqzrytke.org	1
http://billing-action-secure-eoxdwcjhndh.in	1
http://update-action-account-vmdjwko.xyz	1
http://security-alert-billing-sptnlllwiurk.info	1
http://confirm-suspended-secure-xtqwsousodo.info	1
http://suspended-locked-security-yntnar.org	1
http://update-security-account-vvpcnip.xyz	1
http://secure-confirm-alert-kwigcce.org	1
http://restore-login-secure-yeshcdxgyx.com	1
https://support.amd.org	0
http://secure-update-suspended-rgouhkcqfz.in	1
http://login-security-account-yyobvyqqeb.xyz	1
http://identity-restore-account-vhenbcsvsz.co	1
http://confirm-restore-update-shrifyixdxpa.com	1
http://alert-suspended-payment-mkcwqoxvldz.co	1
http://confirm-alert-login-tsamylfahxjc.biz	1
http://account-action-billing-amspazqc.biz	1
http://billing-login-suspended-rorobdb.biz	1
http://identity-account-suspended-uerzsngolyq.com	1
http://confirm-alert-identity-dnmnbsbx.xyz	1
https://support.udemy.com	0
http://account-payment-alert-xfibqa.co	1
http://locked-security-restore-vgmyvvng.net	1
http://locked-billing-security-qpcbai.net	1
http://secure-security-billing-hqbroh.co	1
http://locked-verify-confirm-yulifcpbufo.biz	1
http://restore-security-confirm-podmphzn.org	1
https://support.khanacademy.com	0
https://docker.org	0
http://confirm-account-restore-szpipzqke.xyz	1
http://action-secure-billing-xqsmfmt.in	1
http://alert-account-action-vaajodl.in	1
https://www.docker.org	0
https://stripe.io	0
http://confirm-identity-suspended-eavxarj.net	1
https://java.net	0
http://security-locked-alert-bdyuejjpzgb.info	1
http://update-security-login-gqhdnpms.xyz	1
http://locked-verify-login-kwtjnesnmy.xyz	1
https://developer.mozilla.com	0
https://docs.aws.net	0
http://action-identity-confirm-odcljpmq.co	1
http://confirm-update-alert-egqjcv.net	1
http://action-account-verify-baffih.biz	1
http://alert-action-locked-rmntdkftmnut.xyz	1
https://www.linux.org	0
https://www.amd.com	0
http://login-confirm-locked-uxokjybkmiz.biz	1
https://support.oracle.com	0
https://developer.digitalocean.org	0
http://login-suspended-alert-tkxfwivre.biz	1
http://suspended-payment-restore-hadbkunxw.xyz	1
https://aws.org	0
https://support.medium.net	0
https://www.kubernetes.org	0
https://support.java.com	0
http://payment-account-billing-zozbctilg.com	1
https://developer.openai.org	0
https://www.python.com	0
http://login-confirm-restore-mlcrslmhevp.org	1
http://action-restore-suspended-lbqnrrc.biz	1
http://security-account-identity-xfaaavrb.net	1
http://identity-restore-login-ekcioefoydf.in	1
https://docs.mozilla.io	0
http://billing-verify-payment-uxogciqkyu.org	1
https://docs.openai.net	0
https://support.coursera.com	0
http://secure-login-confirm-hdfaypyti.biz	1
https://www.ibm.net	0
http://update-security-secure-wigoxrg.info	1
http://alert-suspended-confirm-lawbfqd.info	1
https://www.aws.net	0
https://kubernetes.net	0
http://restore-account-update-uczkelnttvua.co	1
https://www.coursera.io	0
http://login-suspended-payment-gmljpbd.xyz	1
https://google.com	0
http://payment-action-confirm-kkktjizbx.net	1
https://support.gitlab.org	0
http://update-security-identity-jsqjbklgmxj.com	1
http://restore-login-update-lrgpyvauqx.co	1
http://action-verify-suspended-welrnnx.biz	1
http://security-payment-verify-quidty.co	1
http://secure-login-billing-cukkhl.org	1
https://docker.net	0
https://www.azure.org	0
https://www.medium.org	0
http://account-update-alert-qqwehjhip.xyz	1
https://www.google.com	0
http://billing-security-confirm-ljxzvyrjbj.in	1
http://secure-billing-payment-sxdpwhsvj.xyz	1
http://restore-account-secure-yvajbuilpkp.net	1
http://update-locked-account-dnownduhrow.org	1
http://verify-billing-restore-gftrclseyx.biz	1
http://restore-verify-action-xqmuifo.net	1
http://alert-payment-identity-sruzlgghcip.info	1
http://verify-locked-confirm-wyoabnw.co	1
http://locked-action-account-knldyv.xyz	1
http://login-locked-update-twvainr.biz	1
http://payment-locked-billing-vmsjzivftvs.com	1
http://security-login-billing-kzrwzoirztk.biz	1
http://payment-update-billing-edshdfttaso.org	1
http://verify-confirm-billing-ydnilds.info	1
https://digitalocean.net	0
http://alert-security-payment-rcmvjqladdqx.info	1
https://support.amd.net	0
https://developer.java.org	0
https://www.digitalocean.net	0
http://account-restore-verify-wsalibo.org	1
https://docs.openai.com	0
https://www.ibm.io	0
https://support.gitlab.net	0
http://restore-secure-account-byxhndmi.in	1
http://suspended-account-payment-rbadwf.org	1
http://account-locked-confirm-dqbgjxkc.biz	1
http://payment-login-suspended-btzsfjr.org	1
https://support.kubernetes.com	0
https://www.cloudflare.io	0
http://login-identity-security-hczfyud.biz	1
http://security-billing-verify-johhcbiteu.co	1
https://python.com	0
http://payment-login-restore-dogxqju.co	1
http://login-billing-confirm-mhynsyfqchuv.net	1
https://razorpay.com	0
http://billing-security-secure-rydmrrnda.info	1
http://payment-secure-action-stgtyvwnp.xyz	1
http://restore-security-suspended-ejdjbme.net	1
https://khanacademy.com	0
https://developer.java.io	0
http://action-restore-suspended-xyxwbalhcjsk.com	1
https://developer.docker.com	0
http://action-login-alert-xaugmj.in	1
https://intel.io	0
https://developer.wikipedia.net	0
https://docs.medium.net	0
http://action-secure-login-fmrgkousitw.co	1
http://account-secure-restore-iztlhmtgdngt.biz	1
http://account-restore-alert-mucspew.org	1
https://paypal.org	0
https://support.docker.com	0
http://alert-action-suspended-szflblbc.in	1
https://docs.reddit.net	0
http://security-identity-login-jvtppghp.net	1
http://login-restore-payment-dpxresyboi.xyz	1
http://account-suspended-payment-beogwwx.in	1
http://billing-restore-payment-xbkyna.biz	1
http://login-update-secure-bzevmnnbln.co	1
http://security-suspended-billing-snhfsoebgb.org	1
http://update-login-action-uqgvnajpjcso.org	1
http://restore-identity-secure-jshgarwypsry.biz	1
http://restore-locked-suspended-vfgpvte.info	1
http://alert-confirm-login-ceewemsqa.org	1
http://identity-alert-restore-edllqksdta.net	1
https://www.apple.com	0
http://restore-secure-login-ugypuau.in	1
http://verify-account-login-txvhmgogo.com	1
http://verify-suspended-update-nvdxal.org	1
http://payment-identity-verify-eccyjqdyx.com	1
http://login-alert-suspended-prdrhvjc.xyz	1
http://action-update-security-uuwzuddluzv.net	1
http://payment-update-login-idtjmm.co	1
http://restore-confirm-login-yxjoomnfcsnu.info	1
http://account-confirm-secure-zaoyxbj.org	1
https://microsoft.org	0
http://alert-confirm-secure-cpmpeddgavk.org	1
https://docs.azure.com	0
https://microsoft.com	0
http://login-suspended-action-klylsg.biz	1
http://alert-login-update-nzdfqf.org	1
http://suspended-locked-verify-smqkjbjlhcju.in	1
https://docs.gitlab.com	0
https://mozilla.com	0
http://security-billing-secure-iyajhk.info	1
http://payment-restore-verify-ktcudpjp.com	1
https://www.razorpay.org	0
http://security-restore-identity-teznsqy.in	1
http://locked-restore-billing-udwozu.net	1
https://developer.linux.org	0
http://login-verify-update-jceugmgwqd.net	1
http://billing-secure-confirm-hkqrlnqicklw.com	1
http://restore-secure-payment-gvawhekbkmcm.xyz	1
http://action-alert-security-fiizmsmha.org	1
http://login-restore-account-ozubvuzf.info	1
http://security-restore-alert-gedhcwlk.info	1
http://update-login-secure-xlzhfy.xyz	1
http://action-locked-account-spdrvt.in	1
https://docs.apple.net	0
http://restore-locked-verify-fzkoej.in	1
https://docs.google.io	0
http://suspended-identity-verify-mzkjvlziylj.org	1
http://alert-update-restore-rqsyxccvcay.net	1
http://suspended-locked-security-rwfuoc.xyz	1
http://confirm-security-billing-xqukyungr.biz	1
http://security-alert-restore-axaauvn.in	1
http://alert-account-locked-kbylykskieg.org	1
http://restore-locked-security-vqgoyfclq.org	1
http://secure-payment-identity-zqueqff.info	1
http://security-action-alert-gbcdazwcyddg.org	1
https://developer.openai.io	0
http://account-alert-verify-ukmqfkxql.org	1
https://www.stripe.org	0
http://restore-locked-secure-zzmpoe.biz	1
http://account-locked-secure-andwcfifsy.biz	1
http://update-login-account-vszcupefsll.biz	1
http://locked-verify-action-lojqbeanp.biz	1
http://action-restore-suspended-kcvlegfj.org	1
http://verify-secure-confirm-aimuxokpnch.net	1
http://restore-alert-action-lvfbmbhdlppg.com	1
https://support.google.net	0
https://docs.digitalocean.com	0
http://confirm-billing-locked-kslwzd.in	1
http://verify-secure-account-vdzwsf.net	1
https://docs.khanacademy.com	0
http://identity-secure-update-bbhgrujsypdi.org	1
http://action-identity-alert-ldnprzitfgh.net	1
https://wikipedia.org	0
http://verify-billing-secure-afvecfp.in	1
http://update-payment-billing-enxfjzwnueh.org	1
http://identity-locked-restore-dwtgxe.com	1
https://support.amazon.io	0
http://secure-billing-update-cqtkhkpn.xyz	1
http://verify-restore-secure-gccxognhwsk.co	1
https://docs.oracle.org	0
https://cloudflare.io	0
http://update-payment-secure-exqtwr.org	1
http://alert-confirm-secure-zwetajm.com	1
https://www.amd.io	0
http://suspended-action-login-dchtltzgmjaj.in	1
http://security-restore-locked-crsazwrdm.info	1
http://payment-alert-confirm-tfyqzwr.xyz	1
http://action-suspended-login-xjipyhep.in	1
http://verify-alert-security-oujcaydrn.biz	1
http://restore-login-update-huabhpbhl.com	1
http://suspended-restore-security-echzfpcfmj.co	1
https://www.stripe.io	0
http://locked-update-login-lwudtgkfhh.xyz	1
http://alert-security-action-dliysm.co	1
http://secure-security-alert-tphgnd.biz	1
https://developer.github.net	0
http://billing-security-identity-nvchzcpvorwd.com	1
http://suspended-login-action-zdxqeqsyuqf.net	1
https://support.stripe.com	0
http://account-action-verify-ankyhmegw.biz	1
http://restore-billing-action-ddadtgnsfm.biz	1
http://locked-billing-confirm-hkumvdhdkpa.xyz	1
https://docs.razorpay.org	0
http://confirm-suspended-identity-jskbrjs.in	1
https://python.io	0
http://verify-identity-restore-jmroyundi.in	1
http://identity-alert-verify-atgrmr.in	1
http://security-action-payment-gxextkbpcwbt.com	1
http://confirm-verify-payment-jzofglhfe.info	1
https://www.mozilla.com	0
https://stripe.com	0
http://locked-identity-billing-jqodbljbcu.biz	1
http://confirm-secure-account-yxgsbwzbowyn.co	1
http://suspended-payment-verify-mxgaigitdo.in	1
http://restore-secure-account-byxstazyp.net	1
http://billing-login-update-banqlhwzabu.info	1
http://identity-alert-restore-tobtslldlxz.in	1
https://docs.aws.com	0
https://support.amd.com	0
http://secure-identity-payment-vbdebjr.info	1
http://login-locked-alert-rrbyfsvxw.xyz	1
http://confirm-security-suspended-wgxiocjk.xyz	1
http://suspended-account-update-odsuagltyav.biz	1
https://support.digitalocean.net	0
http://suspended-secure-restore-atyxtivg.info	1
http://confirm-payment-locked-wuytuoyyh.xyz	1
https://support.coursera.io	0
https://www.python.io	0
https://coursera.io	0
https://developer.microsoft.io	0
http://identity-login-billing-aaajqokpc.in	1
http://billing-login-update-ugmfewrgrenl.in	1
https://microsoft.io	0
http://secure-restore-confirm-spjclngijv.co	1
https://developer.stripe.io	0
https://docs.nvidia.io	0
https://www.java.org	0
http://secure-verify-locked-vnunpif.com	1
http://login-alert-security-ccyfnooktwn.com	1
http://restore-suspended-identity-ifoxiuzgi.net	1
http://billing-payment-alert-cobjmfuf.org	1
http://account-security-alert-pdghickzoqu.org	1
http://secure-login-verify-goytdalrz.org	1
http://suspended-alert-identity-dsghivip.net	1
http://secure-verify-payment-yxqtltst.net	1
http://billing-alert-confirm-eshugmbnn.co	1
http://secure-identity-payment-fnoqchdhlxh.biz	1
http://security-verify-account-hconepbxnfm.com	1
https://docs.razorpay.net	0
http://suspended-login-billing-xsxdxmcd.biz	1
http://verify-confirm-security-tfbeil.net	1
http://confirm-secure-alert-yuivrw.com	1
http://restore-secure-account-pwffmme.xyz	1
http://identity-payment-action-abofekg.co	1
http://account-restore-confirm-nywvwrmqp.xyz	1
https://apple.io	0
http://verify-login-billing-rjkdwvwp.info	1
https://docs.ibm.org	0
http://security-alert-secure-ugiklkxgsi.com	1
http://security-restore-verify-pdoyajuijt.net	1
http://suspended-account-confirm-fenwfuxift.com	1
http://security-billing-secure-haqratv.co	1
http://login-identity-payment-wbnstato.org	1
https://support.udemy.net	0
http://alert-suspended-payment-hlczoj.co	1
https://developer.intel.io	0
http://security-suspended-payment-lpaulm.net	1
http://confirm-login-security-zcewmgdqmso.info	1
https://developer.python.net	0
https://support.nvidia.net	0
http://update-payment-account-ommyglmottxl.net	1
https://developer.openai.com	0
http://suspended-billing-login-wkadzswhixo.org	1
https://support.wikipedia.org	0
http://payment-confirm-suspended-gmyyswdnva.co	1
http://confirm-verify-secure-mejofqyhvw.biz	1
http://restore-action-account-pcfeod.co	1
http://payment-identity-locked-xfagfypdmac.com	1
http://confirm-update-suspended-nwvyyvsv.xyz	1
http://alert-restore-confirm-ajmrsfo.info	1
https://paypal.com	0
http://action-update-suspended-pahmbs.biz	1
http://action-billing-locked-letqocjpsse.org	1
https://www.microsoft.net	0
http://secure-confirm-verify-ozfpavwisxpy.com	1
http://alert-action-restore-bftdgebprkq.com	1
http://billing-verify-identity-eciqae.com	1
http://account-update-restore-ywttijhhokv.biz	1
http://login-update-identity-lcjjunvreyp.org	1
http://account-payment-alert-qrhizotg.info	1
http://suspended-restore-identity-mmiorxi.net	1
http://identity-secure-login-mixejeotl.xyz	1
http://payment-alert-action-mgspmkbyg.net	1
http://login-suspended-action-xzyfztdi.com	1
http://update-security-identity-uleadwh.net	1
https://aws.com	0
http://login-restore-suspended-uaecokfmjmgx.co	1
https://digitalocean.io	0
http://identity-restore-payment-lkbmtpfptjiv.co	1
http://restore-account-login-eflirlhkv.com	1
http://alert-security-identity-ednraq.co	1
http://security-billing-payment-vzceltwc.com	1
https://support.python.org	0
http://locked-payment-billing-bhdmjxrgi.biz	1
http://secure-suspended-update-hklhact.co	1
https://www.intel.com	0
http://account-identity-payment-nlbjdzqwjzcy.biz	1
http://payment-verify-alert-uozqou.com	1
http://action-login-restore-hkakdgpz.in	1
https://google.io	0
http://restore-locked-confirm-kyaijlmtfs.co	1
http://suspended-confirm-verify-tnhtlme.org	1
http://locked-alert-identity-azomgxdpwcfz.biz	1
http://confirm-security-account-xhuqrrqqn.co	1
http://restore-login-action-jqzkqq.org	1
http://suspended-verify-locked-tyigomcjtw.co	1
http://identity-account-login-jweyxihxf.xyz	1
http://billing-suspended-restore-uvwxgs.net	1
http://billing-identity-alert-uywnsp.com	1
http://payment-security-secure-kyqlucwt.net	1
http://confirm-alert-restore-dgmgisls.info	1
http://confirm-update-payment-ilghadnaw.in	1
http://update-payment-login-qmlhtsdhjq.com	1
http://locked-update-login-ajnwnmxzqp.in	1
http://alert-identity-billing-enexayiifhu.net	1
http://confirm-billing-identity-xxvvunffrk.net	1
http://suspended-verify-update-zwnculngue.info	1
https://developer.gitlab.com	0
http://update-suspended-action-ttxxdh.info	1
https://www.docker.net	0
https://www.oracle.org	0
http://verify-payment-billing-qpqtzgkhqimh.biz	1
https://support.kubernetes.io	0
https://support.ibm.io	0
http://verify-security-login-axnmetrcw.in	1
http://suspended-identity-login-utfninc.biz	1
http://account-locked-restore-iekeeri.xyz	1
http://security-alert-action-hymwhdijtll.co	1
http://secure-security-alert-zjuzta.info	1
https://support.medium.org	0
http://locked-suspended-billing-hbesypyyukys.info	1
https://www.mozilla.io	0
https://docs.azure.io	0
http://locked-update-action-oliorov.com	1
https://www.openai.io	0
http://confirm-security-billing-wemlirsgtad.co	1
https://developer.udemy.com	0
http://secure-suspended-confirm-ozywio.biz	1
http://restore-verify-payment-ozunuw.net	1
http://billing-locked-restore-ttlhlwt.in	1
http://payment-action-alert-khqkai.org	1
https://amd.io	0
http://restore-action-account-vyxsoedicnyb.org	1
http://verify-confirm-identity-rfezgxu.com	1
http://locked-identity-verify-znpnef.xyz	1
http://confirm-payment-action-ezujgclau.co	1
http://verify-confirm-identity-vlwhzcqk.xyz	1
https://gitlab.com	0
https://github.net	0
http://secure-locked-security-wrjkeey.org	1
http://security-restore-login-wcemhqxg.in	1
http://secure-payment-login-bjpneaxcz.net	1
http://billing-alert-suspended-dpqimxdrj.net	1
https://support.docker.org	0
http://update-locked-verify-ferizrn.biz	1
http://login-confirm-alert-rpyaxkbf.org	1
http://verify-payment-update-tyixgumorri.biz	1
http://login-verify-account-vdsdjloyz.org	1
http://account-security-secure-tjpdwnu.in	1
http://payment-suspended-login-erqwfyso.co	1
http://update-secure-alert-knkmishb.biz	1
https://developer.github.org	0
https://coursera.org	0
https://docs.github.net	0
http://secure-restore-verify-icqmrhdtlb.in	1
http://secure-alert-update-qleswm.biz	1
http://payment-update-identity-nkvzccugmpr.net	1
http://identity-payment-billing-popwrbcvqc.net	1
https://cloudflare.net	0
http://payment-action-secure-qllwakut.co	1
http://secure-account-locked-aycxusw.biz	1
https://www.linux.net	0
http://restore-update-security-eowqttuemcjn.info	1
https://docs.apple.com	0
http://confirm-locked-billing-ejgsjuxtyic.biz	1
http://payment-restore-suspended-tnksfcpw.co	1
http://login-payment-confirm-jdkvtwupzi.info	1
http://update-secure-billing-vzgfqfa.info	1
http://identity-locked-billing-lozeenkoxkgu.in	1
http://update-alert-confirm-xyijydwz.info	1
http://locked-login-verify-zsncvfjszvfg.com	1
https://google.net	0
http://secure-confirm-billing-sbjyhgxapltd.co	1
http://locked-secure-payment-jdzpnstgptee.xyz	1
http://confirm-verify-identity-oykksdicj.co	1
http://billing-verify-login-kfzqitna.com	1
http://secure-restore-confirm-eznaka.in	1
http://login-account-restore-mnzcrejelv.org	1
http://identity-action-billing-qyxudy.biz	1
http://billing-account-locked-zxyyokl.net	1
http://verify-confirm-account-dymubbzm.net	1
http://verify-restore-identity-xosntqhd.info	1
https://developer.google.net	0
https://support.oracle.net	0
http://secure-account-verify-xtoeibaz.co	1
http://suspended-identity-login-jsxcyxsbff.com	1
http://secure-account-restore-xiekfxkepqgx.biz	1
https://developer.digitalocean.io	0
http://account-identity-security-gasbtdrbc.org	1
http://billing-verify-login-iygryknhoc.net	1
http://billing-account-login-zmcfvetugp.xyz	1
http://billing-locked-security-rnztsb.com	1
http://confirm-identity-update-jfqkdhb.org	1
http://confirm-restore-payment-alvpheoic.net	1
http://confirm-action-secure-xraabko.info	1
http://secure-locked-suspended-avmokr.co	1
http://confirm-restore-billing-xdnjdqezz.org	1
https://www.aws.io	0
https://developer.aws.org	0
http://login-identity-restore-fkwllymi.co	1
http://payment-restore-security-jmwujhkmol.co	1
http://action-suspended-alert-yafoezr.org	1
http://locked-security-identity-digttmp.com	1
http://security-verify-identity-awbwix.info	1
http://account-update-verify-qixliehu.org	1
http://login-action-alert-nqeomz.info	1
